               epoch,      train/box_loss,      train/obj_loss,      train/cls_loss,   metrics/precision,      metrics/recall,     metrics/mAP_0.5,metrics/mAP_0.5:0.95,        val/box_loss,        val/obj_loss,        val/cls_loss,               x/lr0,               x/lr1,               x/lr2
                   0,             0.12884,            0.051743,                   0,          0.00020833,           0.0078431,           0.0001065,           1.607e-05,             0.12191,            0.051003,                   0,              0.0865,              0.0015,              0.0015
                   1,             0.12033,            0.052618,                   0,          0.00083333,            0.031373,          0.00044028,          0.00010244,             0.11474,            0.054298,                   0,            0.072094,           0.0030939,           0.0030939
                   2,             0.11329,            0.054516,                   0,            0.010417,             0.39216,            0.020709,           0.0045418,             0.10682,            0.050961,                   0,            0.057681,           0.0046814,           0.0046814
                   3,             0.10729,            0.050172,                   0,            0.096464,             0.30588,            0.070585,            0.015661,             0.10452,            0.062311,                   0,            0.043263,           0.0062626,           0.0062626
                   4,             0.10052,            0.042614,                   0,             0.15316,             0.35604,             0.11458,            0.025075,             0.10019,              0.0494,                   0,            0.028837,           0.0078374,           0.0078374
                   5,            0.096876,              0.0435,                   0,              0.1843,             0.31898,             0.12393,            0.027376,            0.097046,            0.050922,                   0,            0.014406,           0.0094059,           0.0094059
                   6,            0.091302,            0.042905,                   0,             0.19337,             0.39608,             0.14411,            0.033385,            0.087772,            0.051605,                   0,           0.0098812,           0.0098812,           0.0098812
                   7,            0.085515,            0.045405,                   0,             0.14309,             0.36863,             0.11829,              0.0279,            0.082069,            0.053741,                   0,           0.0098812,           0.0098812,           0.0098812
                   8,            0.083325,            0.047293,                   0,             0.21789,             0.40784,             0.15134,            0.037157,            0.077949,            0.092216,                   0,           0.0098614,           0.0098614,           0.0098614
                   9,             0.07896,            0.043891,                   0,             0.33529,             0.44314,             0.29733,             0.07952,             0.07154,            0.056568,                   0,           0.0098416,           0.0098416,           0.0098416
                  10,            0.075055,            0.046923,                   0,             0.23402,             0.35686,             0.19168,            0.048038,            0.078237,            0.050413,                   0,           0.0098218,           0.0098218,           0.0098218
                  11,            0.073803,            0.044321,                   0,             0.20408,             0.43529,             0.16466,            0.041093,            0.074868,            0.048386,                   0,            0.009802,            0.009802,            0.009802
                  12,            0.072497,            0.044879,                   0,             0.39539,             0.48235,             0.37081,             0.10032,            0.069993,            0.057428,                   0,           0.0097822,           0.0097822,           0.0097822
                  13,             0.07032,            0.044785,                   0,             0.46281,             0.53381,             0.44111,             0.12623,             0.06643,            0.050289,                   0,           0.0097624,           0.0097624,           0.0097624
                  14,            0.067379,            0.045257,                   0,             0.50992,             0.62353,              0.4832,             0.13751,            0.066332,            0.047012,                   0,           0.0097426,           0.0097426,           0.0097426
                  15,            0.066136,            0.043582,                   0,             0.48726,             0.61176,             0.51302,              0.1425,            0.065351,            0.043077,                   0,           0.0097228,           0.0097228,           0.0097228
                  16,            0.065505,             0.04402,                   0,             0.56678,             0.63922,             0.57187,             0.16293,            0.062774,             0.03898,                   0,            0.009703,            0.009703,            0.009703
                  17,            0.063506,            0.042259,                   0,             0.57416,             0.59748,             0.55495,             0.16008,            0.061668,            0.042873,                   0,           0.0096832,           0.0096832,           0.0096832
                  18,            0.065085,             0.04223,                   0,             0.64235,             0.63391,             0.62101,             0.19623,            0.061563,            0.040737,                   0,           0.0096634,           0.0096634,           0.0096634
                  19,            0.065919,             0.04254,                   0,             0.50003,             0.48634,             0.40583,             0.10949,            0.065747,            0.039253,                   0,           0.0096436,           0.0096436,           0.0096436
                  20,            0.065761,            0.041691,                   0,             0.59221,             0.55294,             0.49358,             0.14728,            0.062718,            0.038654,                   0,           0.0096238,           0.0096238,           0.0096238
                  21,            0.063856,            0.042779,                   0,             0.63423,             0.59216,             0.59517,             0.17668,            0.060993,            0.038153,                   0,            0.009604,            0.009604,            0.009604
                  22,            0.061381,            0.044913,                   0,             0.67703,             0.59188,             0.59804,             0.17614,            0.059868,            0.038822,                   0,           0.0095842,           0.0095842,           0.0095842
                  23,            0.061366,            0.040428,                   0,             0.67587,               0.646,             0.65004,               0.192,            0.060446,            0.037304,                   0,           0.0095644,           0.0095644,           0.0095644
                  24,            0.064279,             0.04045,                   0,             0.74908,             0.64314,             0.70106,             0.23569,            0.058117,            0.037899,                   0,           0.0095446,           0.0095446,           0.0095446
                  25,            0.058735,            0.044819,                   0,             0.72554,             0.61165,             0.64424,              0.2159,            0.060348,            0.038532,                   0,           0.0095248,           0.0095248,           0.0095248
                  26,             0.06146,            0.041651,                   0,             0.71299,             0.63922,             0.65653,              0.2097,            0.056828,            0.038231,                   0,            0.009505,            0.009505,            0.009505
                  27,            0.059677,            0.041888,                   0,             0.68611,             0.61961,             0.62901,             0.20403,              0.0585,            0.038795,                   0,           0.0094852,           0.0094852,           0.0094852
                  28,            0.057409,             0.03965,                   0,             0.70643,             0.67451,             0.66475,             0.21501,            0.057833,            0.038265,                   0,           0.0094654,           0.0094654,           0.0094654
                  29,            0.057356,            0.041315,                   0,             0.72081,             0.69862,             0.69289,             0.21815,            0.056682,            0.037876,                   0,           0.0094456,           0.0094456,           0.0094456
                  30,            0.058239,            0.041536,                   0,             0.70848,             0.58431,             0.61332,             0.20364,            0.056753,            0.037836,                   0,           0.0094258,           0.0094258,           0.0094258
                  31,            0.057442,             0.04041,                   0,             0.71507,              0.6594,              0.6661,             0.20982,            0.058197,             0.03826,                   0,            0.009406,            0.009406,            0.009406
                  32,             0.06048,            0.041598,                   0,             0.68353,             0.70302,              0.6732,              0.2318,            0.058604,            0.038422,                   0,           0.0093862,           0.0093862,           0.0093862
                  33,            0.056501,             0.03928,                   0,             0.65811,             0.65098,             0.63095,             0.22188,            0.056924,             0.04003,                   0,           0.0093664,           0.0093664,           0.0093664
                  34,            0.057655,            0.039611,                   0,             0.63155,             0.69804,             0.67157,             0.19966,              0.0591,            0.039379,                   0,           0.0093466,           0.0093466,           0.0093466
                  35,             0.05707,            0.040442,                   0,             0.66616,             0.69412,             0.65154,             0.23668,            0.055989,            0.038038,                   0,           0.0093268,           0.0093268,           0.0093268
                  36,            0.056794,             0.04014,                   0,             0.63199,             0.59608,             0.60857,             0.16176,            0.059754,            0.038748,                   0,            0.009307,            0.009307,            0.009307
                  37,            0.057826,            0.038675,                   0,             0.60001,             0.56863,             0.56749,             0.13992,            0.065476,            0.037573,                   0,           0.0092872,           0.0092872,           0.0092872
                  38,            0.059205,              0.0417,                   0,              0.6912,             0.67589,             0.68172,             0.19314,            0.061891,            0.036224,                   0,           0.0092674,           0.0092674,           0.0092674
                  39,            0.059681,            0.039737,                   0,             0.69804,             0.62552,             0.66583,             0.19464,            0.061345,            0.037426,                   0,           0.0092476,           0.0092476,           0.0092476
                  40,            0.055534,            0.040764,                   0,             0.75453,             0.68709,              0.7262,             0.24282,            0.056667,            0.037775,                   0,           0.0092278,           0.0092278,           0.0092278
                  41,             0.05444,            0.040681,                   0,             0.80611,             0.61176,             0.69204,             0.23548,            0.055476,             0.03878,                   0,            0.009208,            0.009208,            0.009208
                  42,            0.056242,            0.039333,                   0,              0.7229,             0.68546,             0.71025,              0.2535,            0.055577,            0.037907,                   0,           0.0091882,           0.0091882,           0.0091882
                  43,            0.054256,             0.03866,                   0,             0.77581,             0.69804,             0.72118,             0.25882,            0.055886,            0.037069,                   0,           0.0091684,           0.0091684,           0.0091684
                  44,            0.055092,            0.038914,                   0,             0.71953,             0.67059,             0.69586,             0.24348,            0.056746,            0.037735,                   0,           0.0091486,           0.0091486,           0.0091486
                  45,            0.052959,            0.038502,                   0,             0.75459,             0.69938,             0.72437,             0.26486,            0.054219,            0.037285,                   0,           0.0091288,           0.0091288,           0.0091288
                  46,            0.055397,            0.039284,                   0,             0.72548,             0.71373,             0.72256,             0.25692,            0.054617,            0.036785,                   0,            0.009109,            0.009109,            0.009109
                  47,            0.056691,             0.04053,                   0,             0.75498,             0.72501,             0.74514,             0.27971,            0.053856,             0.03697,                   0,           0.0090892,           0.0090892,           0.0090892
                  48,            0.054097,             0.03837,                   0,             0.68895,             0.68618,             0.69721,             0.21512,            0.059515,            0.037443,                   0,           0.0090694,           0.0090694,           0.0090694
                  49,             0.05524,            0.037731,                   0,              0.7589,             0.68235,             0.73855,             0.23692,            0.056359,            0.038227,                   0,           0.0090496,           0.0090496,           0.0090496
                  50,            0.055286,            0.037213,                   0,             0.77971,             0.68627,             0.73679,             0.25963,            0.055061,            0.037811,                   0,           0.0090298,           0.0090298,           0.0090298
                  51,            0.053877,            0.039189,                   0,             0.78284,             0.69804,              0.7431,              0.2513,            0.056356,            0.037169,                   0,             0.00901,             0.00901,             0.00901
                  52,            0.052826,            0.037854,                   0,             0.78425,             0.68423,             0.73492,             0.26295,            0.054167,            0.037449,                   0,           0.0089902,           0.0089902,           0.0089902
                  53,            0.051968,            0.038502,                   0,             0.77719,              0.7113,             0.76395,             0.25326,            0.055364,            0.037376,                   0,           0.0089704,           0.0089704,           0.0089704
                  54,            0.052199,             0.03909,                   0,             0.74778,              0.6902,             0.72295,             0.24175,            0.055165,            0.037943,                   0,           0.0089506,           0.0089506,           0.0089506
                  55,            0.051777,            0.037944,                   0,             0.76874,             0.69091,             0.75502,             0.25827,            0.054949,            0.037565,                   0,           0.0089308,           0.0089308,           0.0089308
                  56,            0.051572,            0.037904,                   0,             0.75459,             0.66667,             0.69782,             0.25386,            0.055082,             0.03722,                   0,            0.008911,            0.008911,            0.008911
                  57,            0.053827,            0.036128,                   0,             0.76621,             0.63529,             0.70514,             0.25503,            0.055449,            0.037243,                   0,           0.0088912,           0.0088912,           0.0088912
                  58,            0.054407,            0.038904,                   0,             0.73484,             0.59772,             0.60568,             0.22775,            0.056961,            0.037426,                   0,           0.0088714,           0.0088714,           0.0088714
                  59,            0.053054,            0.039101,                   0,             0.70338,             0.66275,             0.65669,             0.24273,            0.054583,            0.037081,                   0,           0.0088516,           0.0088516,           0.0088516
                  60,            0.052173,            0.037478,                   0,             0.74283,             0.69804,             0.71647,             0.25674,            0.055425,            0.037777,                   0,           0.0088318,           0.0088318,           0.0088318
                  61,            0.054176,             0.03724,                   0,             0.78384,              0.6549,             0.71768,             0.26008,            0.056206,            0.037571,                   0,            0.008812,            0.008812,            0.008812
                  62,            0.051675,            0.036596,                   0,             0.77405,             0.68516,             0.72274,             0.26049,            0.056043,            0.037991,                   0,           0.0087922,           0.0087922,           0.0087922
                  63,            0.052752,            0.037297,                   0,              0.7408,             0.65882,             0.69395,             0.24873,            0.055259,            0.038387,                   0,           0.0087724,           0.0087724,           0.0087724
                  64,            0.052312,            0.036934,                   0,             0.73382,             0.71373,             0.73796,             0.26403,             0.05477,            0.038713,                   0,           0.0087526,           0.0087526,           0.0087526
                  65,            0.051694,            0.038854,                   0,             0.75963,             0.66667,             0.71936,             0.21739,            0.058746,            0.039232,                   0,           0.0087328,           0.0087328,           0.0087328
                  66,            0.052436,            0.037902,                   0,             0.77584,              0.6515,             0.72618,             0.24345,            0.057781,            0.038532,                   0,            0.008713,            0.008713,            0.008713
                  67,            0.049828,            0.038036,                   0,             0.74716,             0.70588,             0.73814,               0.263,            0.054423,            0.038311,                   0,           0.0086932,           0.0086932,           0.0086932
                  68,            0.052971,            0.037863,                   0,              0.7379,             0.71763,             0.74677,             0.26779,            0.053448,            0.036802,                   0,           0.0086734,           0.0086734,           0.0086734
                  69,            0.050123,            0.039016,                   0,             0.76768,             0.69412,             0.75482,             0.26811,            0.054023,            0.037733,                   0,           0.0086536,           0.0086536,           0.0086536
                  70,            0.049334,            0.037244,                   0,              0.7935,             0.70588,             0.74852,             0.27738,             0.05415,            0.037746,                   0,           0.0086338,           0.0086338,           0.0086338
                  71,            0.050521,            0.036188,                   0,             0.77121,             0.71765,             0.77773,             0.27962,            0.053863,            0.038153,                   0,            0.008614,            0.008614,            0.008614
                  72,            0.050723,            0.036293,                   0,             0.76695,             0.67109,             0.68863,             0.25272,            0.054754,            0.037838,                   0,           0.0085942,           0.0085942,           0.0085942
                  73,            0.051486,            0.035732,                   0,             0.75803,             0.67843,             0.69626,             0.25499,            0.055289,            0.037346,                   0,           0.0085744,           0.0085744,           0.0085744
                  74,            0.049964,            0.035455,                   0,             0.79749,             0.71037,             0.73568,             0.25889,            0.054935,            0.037937,                   0,           0.0085546,           0.0085546,           0.0085546
                  75,            0.050386,             0.03625,                   0,             0.73822,             0.72941,             0.73443,             0.25908,            0.053989,            0.037979,                   0,           0.0085348,           0.0085348,           0.0085348
                  76,            0.050936,            0.037047,                   0,             0.83679,             0.63137,             0.72224,             0.26224,             0.05501,            0.038208,                   0,            0.008515,            0.008515,            0.008515
                  77,            0.049914,            0.039582,                   0,             0.71887,             0.66184,             0.70213,              0.2667,            0.054066,            0.038513,                   0,           0.0084952,           0.0084952,           0.0084952
                  78,            0.049845,            0.036216,                   0,             0.78129,             0.67451,              0.7414,             0.23952,            0.055724,            0.039341,                   0,           0.0084754,           0.0084754,           0.0084754
                  79,             0.05056,            0.038374,                   0,             0.74924,             0.71373,             0.73456,             0.25256,            0.055035,            0.038166,                   0,           0.0084556,           0.0084556,           0.0084556
                  80,            0.048095,            0.035054,                   0,             0.75982,             0.64314,             0.69748,              0.2462,            0.054758,            0.037868,                   0,           0.0084358,           0.0084358,           0.0084358
                  81,            0.048816,            0.036705,                   0,             0.77064,              0.7247,             0.74807,              0.2607,            0.054172,            0.038086,                   0,            0.008416,            0.008416,            0.008416
                  82,            0.048691,             0.03872,                   0,             0.78641,             0.66417,             0.74494,             0.27392,             0.05366,              0.0385,                   0,           0.0083962,           0.0083962,           0.0083962
                  83,             0.04905,            0.035812,                   0,             0.74354,             0.67059,             0.72946,             0.25144,            0.054577,            0.039194,                   0,           0.0083764,           0.0083764,           0.0083764
                  84,            0.051006,            0.035499,                   0,             0.76414,             0.72157,             0.75807,             0.25704,             0.05543,            0.037748,                   0,           0.0083566,           0.0083566,           0.0083566
                  85,            0.049806,             0.03477,                   0,             0.79701,             0.72369,              0.7926,             0.25674,            0.054785,            0.037247,                   0,           0.0083368,           0.0083368,           0.0083368
                  86,            0.047371,            0.036936,                   0,             0.83715,             0.64314,             0.76695,             0.26925,            0.053019,            0.037703,                   0,            0.008317,            0.008317,            0.008317
                  87,            0.049941,            0.038575,                   0,             0.78717,             0.66667,             0.73787,             0.26772,            0.053666,            0.037212,                   0,           0.0082972,           0.0082972,           0.0082972
                  88,            0.049173,            0.035725,                   0,             0.76582,             0.68627,             0.77866,             0.26118,            0.054755,            0.037083,                   0,           0.0082774,           0.0082774,           0.0082774
                  89,            0.049227,            0.037165,                   0,               0.772,             0.69804,             0.73355,             0.26686,             0.05344,            0.037388,                   0,           0.0082576,           0.0082576,           0.0082576
                  90,            0.045958,            0.035136,                   0,             0.76806,             0.74023,             0.75519,             0.27168,            0.052664,            0.037251,                   0,           0.0082378,           0.0082378,           0.0082378
                  91,            0.047362,            0.036849,                   0,             0.79489,             0.68627,             0.76521,             0.26356,            0.053981,            0.038765,                   0,            0.008218,            0.008218,            0.008218
                  92,            0.048052,            0.035919,                   0,             0.75132,             0.66349,              0.7059,             0.25507,            0.054883,            0.039106,                   0,           0.0081982,           0.0081982,           0.0081982
                  93,            0.048227,            0.034208,                   0,             0.79893,             0.70588,             0.77233,             0.27431,            0.052512,            0.037271,                   0,           0.0081784,           0.0081784,           0.0081784
                  94,            0.045849,            0.033891,                   0,             0.76642,             0.70773,             0.74661,             0.27241,            0.053197,            0.037964,                   0,           0.0081586,           0.0081586,           0.0081586
                  95,            0.047281,            0.033201,                   0,             0.73501,             0.68235,             0.70041,             0.25972,             0.05463,            0.038815,                   0,           0.0081388,           0.0081388,           0.0081388
                  96,            0.045817,            0.035779,                   0,             0.69753,              0.7098,             0.69755,             0.25233,            0.056057,            0.040159,                   0,            0.008119,            0.008119,            0.008119
                  97,            0.046706,            0.035063,                   0,             0.72844,             0.68376,              0.6956,             0.24785,            0.055292,            0.040577,                   0,           0.0080992,           0.0080992,           0.0080992
                  98,            0.046392,            0.034466,                   0,             0.72911,             0.67843,              0.6834,             0.24685,            0.055273,            0.039608,                   0,           0.0080794,           0.0080794,           0.0080794
                  99,            0.046557,            0.035439,                   0,              0.7618,             0.73725,             0.76752,             0.26904,            0.054408,            0.037827,                   0,           0.0080596,           0.0080596,           0.0080596
                 100,             0.04523,            0.033557,                   0,             0.76864,             0.72157,              0.7795,             0.27909,            0.054832,            0.038332,                   0,           0.0080398,           0.0080398,           0.0080398
                 101,            0.047972,            0.034554,                   0,             0.83725,             0.68593,              0.7918,             0.28121,            0.053142,            0.038013,                   0,             0.00802,             0.00802,             0.00802
                 102,            0.046598,            0.035567,                   0,             0.81278,             0.65098,              0.7556,             0.27399,            0.053474,            0.040108,                   0,           0.0080002,           0.0080002,           0.0080002
                 103,            0.047602,            0.033648,                   0,             0.78616,             0.63137,             0.72532,             0.25579,            0.055056,            0.042107,                   0,           0.0079804,           0.0079804,           0.0079804
                 104,            0.045873,            0.034396,                   0,             0.74707,             0.68341,             0.73281,             0.26166,            0.055376,              0.0396,                   0,           0.0079606,           0.0079606,           0.0079606
                 105,            0.046285,            0.034401,                   0,             0.83975,             0.67843,             0.76237,             0.25974,            0.054949,            0.039307,                   0,           0.0079408,           0.0079408,           0.0079408
                 106,            0.047437,            0.034528,                   0,             0.79308,             0.73648,             0.78771,             0.26684,            0.055544,            0.039471,                   0,            0.007921,            0.007921,            0.007921
                 107,            0.046187,            0.032753,                   0,             0.82272,             0.66275,             0.77473,             0.28607,            0.053857,            0.039618,                   0,           0.0079012,           0.0079012,           0.0079012
                 108,            0.045192,            0.034801,                   0,              0.7425,             0.63922,             0.70321,             0.23017,            0.057534,            0.039618,                   0,           0.0078814,           0.0078814,           0.0078814
                 109,            0.045429,            0.035719,                   0,             0.72772,             0.70223,             0.74162,             0.24853,             0.05615,            0.038591,                   0,           0.0078616,           0.0078616,           0.0078616
                 110,            0.046211,            0.035238,                   0,             0.69897,             0.71936,             0.73086,             0.23421,            0.056455,            0.038925,                   0,           0.0078418,           0.0078418,           0.0078418
                 111,            0.046307,            0.034917,                   0,              0.7356,             0.69804,             0.74563,              0.2539,             0.05679,            0.038431,                   0,            0.007822,            0.007822,            0.007822
                 112,            0.043841,            0.035885,                   0,             0.75957,             0.73097,             0.76948,             0.26464,            0.055276,            0.038567,                   0,           0.0078022,           0.0078022,           0.0078022
                 113,             0.04442,            0.033503,                   0,             0.75205,             0.70178,             0.72265,             0.25893,            0.054706,            0.038891,                   0,           0.0077824,           0.0077824,           0.0077824
                 114,             0.04454,            0.033016,                   0,             0.72621,             0.70732,             0.72801,             0.27017,             0.05298,            0.037811,                   0,           0.0077626,           0.0077626,           0.0077626
                 115,            0.044804,            0.032372,                   0,             0.71749,             0.69718,             0.69438,             0.25213,            0.053709,            0.038158,                   0,           0.0077428,           0.0077428,           0.0077428
                 116,             0.04516,            0.035151,                   0,             0.77315,             0.74902,             0.78248,             0.28232,            0.052678,            0.038553,                   0,            0.007723,            0.007723,            0.007723
                 117,             0.04415,            0.033572,                   0,              0.7678,             0.64835,             0.72447,             0.27392,            0.054852,             0.03989,                   0,           0.0077032,           0.0077032,           0.0077032
                 118,            0.044569,            0.034008,                   0,             0.76259,              0.7054,             0.74165,             0.26242,            0.055377,            0.039604,                   0,           0.0076834,           0.0076834,           0.0076834
                 119,            0.044206,            0.033092,                   0,             0.78789,             0.71379,             0.76873,             0.26998,            0.055354,            0.038948,                   0,           0.0076636,           0.0076636,           0.0076636
                 120,            0.046002,            0.035179,                   0,             0.82447,             0.67843,             0.78159,             0.27139,             0.05407,            0.038568,                   0,           0.0076438,           0.0076438,           0.0076438
                 121,            0.043663,            0.031808,                   0,              0.8246,              0.7006,             0.76932,             0.27237,            0.053255,            0.038586,                   0,            0.007624,            0.007624,            0.007624
                 122,            0.045674,            0.033195,                   0,             0.75449,             0.69412,             0.73858,              0.2447,            0.055288,            0.039766,                   0,           0.0076042,           0.0076042,           0.0076042
                 123,            0.044537,            0.033663,                   0,             0.71526,             0.72897,             0.73268,             0.25842,            0.055017,            0.039799,                   0,           0.0075844,           0.0075844,           0.0075844
                 124,            0.042308,            0.033522,                   0,             0.75263,              0.7098,             0.74944,             0.27494,            0.054448,            0.039717,                   0,           0.0075646,           0.0075646,           0.0075646
                 125,            0.043214,            0.032282,                   0,             0.70276,             0.76471,             0.75238,             0.27644,            0.053221,             0.04052,                   0,           0.0075448,           0.0075448,           0.0075448
                 126,            0.044866,            0.032653,                   0,             0.71858,             0.69091,             0.72298,             0.26876,            0.054487,            0.040668,                   0,            0.007525,            0.007525,            0.007525
                 127,            0.043485,             0.03147,                   0,             0.72647,             0.68235,              0.7234,             0.25214,            0.054831,            0.040279,                   0,           0.0075052,           0.0075052,           0.0075052
                 128,            0.041344,            0.032944,                   0,             0.80001,             0.68627,             0.75696,             0.26716,            0.055189,            0.038967,                   0,           0.0074854,           0.0074854,           0.0074854
                 129,            0.043612,            0.031195,                   0,             0.79946,             0.73333,              0.7822,             0.28777,            0.053153,            0.039854,                   0,           0.0074656,           0.0074656,           0.0074656
                 130,            0.042696,            0.030963,                   0,             0.80878,              0.7464,             0.79089,             0.28589,            0.053289,            0.039673,                   0,           0.0074458,           0.0074458,           0.0074458
                 131,            0.042882,            0.032619,                   0,             0.84124,             0.67451,              0.7679,             0.28314,            0.052862,            0.038662,                   0,            0.007426,            0.007426,            0.007426
                 132,            0.042717,            0.033881,                   0,             0.77795,             0.74118,             0.77106,             0.28821,            0.053281,            0.038385,                   0,           0.0074062,           0.0074062,           0.0074062
                 133,             0.04182,            0.032218,                   0,             0.74473,             0.76078,             0.78105,             0.29365,            0.053684,            0.039133,                   0,           0.0073864,           0.0073864,           0.0073864
                 134,            0.044275,             0.03276,                   0,             0.82172,             0.70196,             0.78116,             0.28761,            0.052678,            0.038895,                   0,           0.0073666,           0.0073666,           0.0073666
                 135,            0.043595,            0.033702,                   0,              0.7288,             0.74118,             0.75778,             0.27798,            0.053109,            0.038555,                   0,           0.0073468,           0.0073468,           0.0073468
                 136,            0.044145,            0.032878,                   0,             0.79492,             0.66884,              0.7454,             0.27283,            0.053441,            0.038931,                   0,            0.007327,            0.007327,            0.007327
                 137,            0.042081,            0.034045,                   0,             0.80103,             0.70588,             0.78595,             0.26568,            0.054304,            0.039297,                   0,           0.0073072,           0.0073072,           0.0073072
                 138,            0.043355,            0.031377,                   0,             0.74483,             0.73725,             0.79221,             0.26008,            0.054172,            0.039408,                   0,           0.0072874,           0.0072874,           0.0072874
                 139,            0.042343,            0.032517,                   0,              0.8004,             0.72339,             0.79195,             0.27895,            0.053421,            0.039118,                   0,           0.0072676,           0.0072676,           0.0072676
                 140,            0.041757,            0.032223,                   0,              0.7824,             0.76144,             0.81488,             0.29043,            0.053994,            0.039003,                   0,           0.0072478,           0.0072478,           0.0072478
                 141,            0.041603,            0.032456,                   0,             0.81875,             0.73333,              0.7761,             0.28784,            0.054383,            0.039103,                   0,            0.007228,            0.007228,            0.007228
                 142,            0.041499,            0.033721,                   0,             0.72558,             0.75686,             0.76578,             0.26974,            0.055218,            0.038427,                   0,           0.0072082,           0.0072082,           0.0072082
                 143,            0.041734,            0.030436,                   0,              0.7882,              0.7098,             0.75104,             0.27156,            0.054282,            0.039726,                   0,           0.0071884,           0.0071884,           0.0071884
                 144,            0.039657,             0.03012,                   0,              0.7702,              0.7451,             0.76409,             0.28224,             0.05376,            0.039574,                   0,           0.0071686,           0.0071686,           0.0071686
                 145,            0.042038,            0.031792,                   0,             0.79728,             0.74902,             0.78366,             0.28799,            0.053689,            0.039915,                   0,           0.0071488,           0.0071488,           0.0071488
                 146,             0.03999,            0.031682,                   0,              0.7845,             0.71378,             0.77819,             0.28714,            0.053456,            0.040607,                   0,            0.007129,            0.007129,            0.007129
                 147,            0.041315,            0.032113,                   0,             0.74919,             0.71457,             0.76498,             0.27519,             0.05451,            0.040104,                   0,           0.0071092,           0.0071092,           0.0071092
                 148,            0.041822,            0.030176,                   0,             0.76045,             0.72941,             0.76988,             0.27018,            0.053214,            0.039553,                   0,           0.0070894,           0.0070894,           0.0070894
                 149,            0.042034,             0.03216,                   0,              0.8212,             0.72941,             0.78911,             0.27613,            0.053204,            0.039131,                   0,           0.0070696,           0.0070696,           0.0070696
                 150,             0.03949,            0.031029,                   0,             0.82333,             0.73333,             0.80233,             0.28349,            0.053249,             0.03894,                   0,           0.0070498,           0.0070498,           0.0070498
                 151,            0.042059,            0.032227,                   0,             0.78891,             0.69804,             0.75247,             0.27619,            0.052754,            0.039829,                   0,             0.00703,             0.00703,             0.00703
                 152,            0.041869,            0.031661,                   0,              0.7811,             0.70588,             0.77185,             0.27221,            0.054195,            0.039415,                   0,           0.0070102,           0.0070102,           0.0070102
                 153,            0.040217,            0.031741,                   0,             0.79002,              0.6902,             0.75396,             0.27806,            0.053495,            0.039806,                   0,           0.0069904,           0.0069904,           0.0069904
                 154,            0.040752,            0.031442,                   0,             0.71735,              0.7098,             0.70782,             0.26593,            0.053138,            0.040043,                   0,           0.0069706,           0.0069706,           0.0069706
                 155,            0.041123,            0.030811,                   0,             0.72762,             0.72285,             0.74267,             0.27344,            0.053279,            0.040625,                   0,           0.0069508,           0.0069508,           0.0069508
                 156,             0.04005,            0.030169,                   0,             0.78568,             0.69412,             0.75739,             0.28326,            0.052764,             0.04039,                   0,            0.006931,            0.006931,            0.006931
                 157,            0.041016,            0.031772,                   0,             0.83131,              0.6902,             0.74552,             0.28361,             0.05243,            0.038675,                   0,           0.0069112,           0.0069112,           0.0069112
                 158,            0.041712,            0.032029,                   0,             0.79165,             0.68543,             0.73693,             0.26867,            0.052663,            0.039141,                   0,           0.0068914,           0.0068914,           0.0068914
                 159,            0.041519,            0.033161,                   0,             0.76459,             0.72601,              0.7641,             0.28964,            0.051995,             0.03936,                   0,           0.0068716,           0.0068716,           0.0068716
                 160,            0.040515,             0.03096,                   0,              0.7633,             0.75294,             0.78498,             0.29449,            0.052378,            0.039515,                   0,           0.0068518,           0.0068518,           0.0068518
                 161,            0.041878,            0.033005,                   0,             0.77297,             0.73437,             0.77708,             0.28652,            0.052178,            0.038954,                   0,            0.006832,            0.006832,            0.006832
                 162,            0.040412,            0.029146,                   0,             0.76991,             0.72172,             0.76936,             0.29673,            0.051553,            0.039351,                   0,           0.0068122,           0.0068122,           0.0068122
                 163,            0.040547,            0.029731,                   0,             0.76718,             0.72549,             0.75511,             0.28447,            0.052133,            0.039158,                   0,           0.0067924,           0.0067924,           0.0067924
                 164,            0.039173,            0.031557,                   0,             0.78115,             0.71373,             0.75326,             0.28095,            0.052782,            0.039494,                   0,           0.0067726,           0.0067726,           0.0067726
                 165,            0.039667,            0.032034,                   0,             0.74052,             0.78039,             0.77663,             0.28051,            0.053687,            0.039091,                   0,           0.0067528,           0.0067528,           0.0067528
                 166,            0.038806,            0.030068,                   0,             0.79265,             0.72549,             0.76529,             0.28442,             0.05301,            0.040165,                   0,            0.006733,            0.006733,            0.006733
                 167,            0.038931,            0.031887,                   0,              0.7441,             0.78039,             0.80065,             0.28275,            0.053816,            0.040003,                   0,           0.0067132,           0.0067132,           0.0067132
                 168,            0.038751,            0.030661,                   0,             0.82193,              0.7098,             0.77866,             0.27374,            0.054743,            0.040281,                   0,           0.0066934,           0.0066934,           0.0066934
                 169,            0.040443,            0.030909,                   0,             0.75299,             0.73333,             0.77342,             0.27904,            0.053188,            0.040276,                   0,           0.0066736,           0.0066736,           0.0066736
                 170,            0.040836,            0.031815,                   0,             0.78444,             0.71765,             0.78898,             0.27135,            0.054293,            0.040575,                   0,           0.0066538,           0.0066538,           0.0066538
                 171,            0.040706,            0.032312,                   0,             0.83046,             0.69153,             0.77541,             0.28739,            0.052724,            0.040949,                   0,            0.006634,            0.006634,            0.006634
                 172,            0.039212,            0.030501,                   0,               0.797,             0.71373,             0.76739,             0.27447,            0.053145,            0.040596,                   0,           0.0066142,           0.0066142,           0.0066142
                 173,            0.038538,             0.02885,                   0,             0.79466,             0.69811,             0.72866,             0.26629,            0.052956,            0.041508,                   0,           0.0065944,           0.0065944,           0.0065944
                 174,            0.039934,            0.028646,                   0,             0.74618,              0.6902,             0.74297,             0.26398,            0.053927,            0.042458,                   0,           0.0065746,           0.0065746,           0.0065746
                 175,            0.040118,            0.031183,                   0,             0.78188,             0.69804,             0.77231,             0.27412,            0.053446,            0.042257,                   0,           0.0065548,           0.0065548,           0.0065548
                 176,            0.040082,            0.030368,                   0,             0.78819,             0.72941,             0.78822,             0.26125,            0.053915,            0.041565,                   0,            0.006535,            0.006535,            0.006535
                 177,            0.038658,            0.029523,                   0,             0.80158,             0.68627,             0.73889,             0.25263,             0.05372,            0.041447,                   0,           0.0065152,           0.0065152,           0.0065152
                 178,            0.040075,            0.031571,                   0,             0.80251,             0.75294,             0.76124,             0.27999,            0.053144,            0.039156,                   0,           0.0064954,           0.0064954,           0.0064954
                 179,            0.038169,              0.0279,                   0,             0.80769,             0.72157,             0.76665,             0.29058,            0.052714,            0.039915,                   0,           0.0064756,           0.0064756,           0.0064756
                 180,            0.037433,            0.030617,                   0,             0.76224,             0.72157,             0.73136,             0.26856,            0.054075,            0.041027,                   0,           0.0064558,           0.0064558,           0.0064558
                 181,            0.038813,            0.031538,                   0,             0.79816,             0.73333,             0.76613,             0.27955,            0.053541,            0.040401,                   0,            0.006436,            0.006436,            0.006436
                 182,            0.039239,            0.030762,                   0,             0.81414,             0.70429,             0.76091,             0.28419,            0.052808,            0.039614,                   0,           0.0064162,           0.0064162,           0.0064162
                 183,            0.038962,            0.029375,                   0,             0.75935,             0.73725,             0.76705,             0.28509,            0.053336,            0.040009,                   0,           0.0063964,           0.0063964,           0.0063964
                 184,            0.037651,            0.029078,                   0,             0.80928,              0.6549,             0.73023,             0.27675,            0.052922,            0.042387,                   0,           0.0063766,           0.0063766,           0.0063766
                 185,            0.039158,            0.030529,                   0,             0.75571,             0.66667,             0.70168,             0.25954,             0.05324,            0.042799,                   0,           0.0063568,           0.0063568,           0.0063568
                 186,            0.038452,            0.030566,                   0,             0.80804,             0.68627,             0.74437,             0.27373,             0.05298,            0.042051,                   0,            0.006337,            0.006337,            0.006337
                 187,            0.038726,             0.03097,                   0,             0.73901,             0.73725,             0.76026,             0.27529,            0.053019,            0.041935,                   0,           0.0063172,           0.0063172,           0.0063172
                 188,            0.037316,            0.028707,                   0,             0.79679,             0.76863,             0.79309,             0.26411,            0.054219,            0.040709,                   0,           0.0062974,           0.0062974,           0.0062974
                 189,            0.038823,            0.029447,                   0,             0.78594,             0.73333,             0.78028,             0.27496,            0.053186,            0.040407,                   0,           0.0062776,           0.0062776,           0.0062776
                 190,            0.035965,            0.029753,                   0,             0.75729,             0.73333,             0.77867,              0.2885,            0.052247,             0.04072,                   0,           0.0062578,           0.0062578,           0.0062578
                 191,            0.038245,            0.030104,                   0,             0.80323,             0.68235,             0.76412,             0.28541,            0.051632,            0.041691,                   0,            0.006238,            0.006238,            0.006238
                 192,            0.039448,            0.029938,                   0,             0.78242,             0.71922,             0.75813,             0.28332,            0.051928,             0.04249,                   0,           0.0062182,           0.0062182,           0.0062182
                 193,            0.036514,             0.02971,                   0,             0.77822,             0.69412,             0.74222,             0.26905,            0.052118,            0.041452,                   0,           0.0061984,           0.0061984,           0.0061984
                 194,            0.039888,            0.029848,                   0,             0.77334,             0.69804,             0.73189,             0.26504,            0.052367,            0.041393,                   0,           0.0061786,           0.0061786,           0.0061786
                 195,            0.036771,            0.031152,                   0,             0.76438,             0.75061,             0.76493,             0.27968,            0.052734,            0.040684,                   0,           0.0061588,           0.0061588,           0.0061588
                 196,            0.036519,            0.029421,                   0,              0.8173,              0.7098,             0.77545,             0.27864,            0.053043,            0.042065,                   0,            0.006139,            0.006139,            0.006139
                 197,            0.037538,             0.03089,                   0,              0.7766,             0.73333,             0.76981,             0.27778,            0.053675,            0.042257,                   0,           0.0061192,           0.0061192,           0.0061192
                 198,            0.038522,            0.029809,                   0,             0.76884,             0.71737,             0.75524,             0.27926,            0.052812,             0.04232,                   0,           0.0060994,           0.0060994,           0.0060994
                 199,            0.035254,             0.03023,                   0,             0.73885,             0.73227,             0.74058,             0.28227,            0.052418,            0.042248,                   0,           0.0060796,           0.0060796,           0.0060796
                 200,            0.037206,            0.029045,                   0,             0.82401,             0.70196,             0.76889,             0.28566,            0.052231,            0.041727,                   0,           0.0060598,           0.0060598,           0.0060598
                 201,            0.036551,            0.028188,                   0,             0.77025,              0.7098,             0.73825,             0.27617,            0.052125,            0.041424,                   0,             0.00604,             0.00604,             0.00604
                 202,            0.039167,            0.028353,                   0,              0.7572,             0.73333,             0.74045,             0.27389,            0.052248,            0.041435,                   0,           0.0060202,           0.0060202,           0.0060202
                 203,            0.035895,            0.030237,                   0,             0.78515,             0.68627,             0.73387,             0.27964,            0.052671,            0.041958,                   0,           0.0060004,           0.0060004,           0.0060004
                 204,             0.03689,            0.030299,                   0,              0.7666,             0.71765,             0.73632,             0.28074,             0.05243,            0.042219,                   0,           0.0059806,           0.0059806,           0.0059806
                 205,            0.036916,            0.029463,                   0,             0.80907,             0.69804,             0.75815,             0.28339,            0.052615,            0.041569,                   0,           0.0059608,           0.0059608,           0.0059608
                 206,            0.036846,            0.029235,                   0,             0.81789,             0.67451,             0.73825,             0.27506,            0.052029,             0.04138,                   0,            0.005941,            0.005941,            0.005941
                 207,            0.037427,            0.028465,                   0,             0.73979,             0.72469,             0.73118,             0.27455,            0.051641,             0.04142,                   0,           0.0059212,           0.0059212,           0.0059212
                 208,            0.037863,            0.029999,                   0,             0.78293,             0.72135,             0.76532,             0.28045,            0.052905,            0.041012,                   0,           0.0059014,           0.0059014,           0.0059014
                 209,            0.035727,            0.028608,                   0,             0.75242,              0.7098,             0.72868,             0.27883,            0.051968,            0.042309,                   0,           0.0058816,           0.0058816,           0.0058816
                 210,            0.036518,            0.029485,                   0,             0.75429,             0.69412,             0.70424,             0.26799,            0.052364,            0.043552,                   0,           0.0058618,           0.0058618,           0.0058618
                 211,            0.035917,            0.029205,                   0,             0.77039,             0.71765,             0.74442,             0.28396,            0.051685,            0.042572,                   0,            0.005842,            0.005842,            0.005842
                 212,            0.036688,            0.029619,                   0,             0.73143,             0.72157,             0.74187,             0.28091,            0.052757,            0.043331,                   0,           0.0058222,           0.0058222,           0.0058222
